{"cameraMode":{"drawMode":0,"name":"Shaded","section":"Shading Mode"},"sceneLighting":true,"audioPlay":false,"sceneViewState":{"showFog":true,"showMaterialUpdate":false,"showSkybox":true,"showFlares":true,"showImageEffects":true,"showParticleSystems":true},"in2DMode":false,"pivot":{"x":51.617469787597659,"y":68.58590698242188,"z":427.0597839355469},"rotation":{"x":0.023984568193554879,"y":0.03148195147514343,"z":-0.0008079763501882553,"w":0.9992457032203674},"size":396.5256652832031,"orthographic":false}