{"cameraMode":{"drawMode":0,"name":"Shaded","section":"Shading Mode"},"sceneLighting":true,"audioPlay":false,"sceneViewState":{"showFog":true,"showMaterialUpdate":false,"showSkybox":true,"showFlares":true,"showImageEffects":true,"showParticleSystems":true},"in2DMode":false,"pivot":{"x":-18.020246505737306,"y":-38.280372619628909,"z":48.693092346191409},"rotation":{"x":0.23769772052764893,"y":-0.11768230050802231,"z":0.02902298793196678,"w":0.9637594819068909},"size":48.30617141723633,"orthographic":false}