{"cameraMode":{"drawMode":0,"name":"Shaded","section":"Shading Mode"},"sceneLighting":false,"audioPlay":false,"sceneViewState":{"showFog":true,"showMaterialUpdate":false,"showSkybox":false,"showFlares":true,"showImageEffects":true,"showParticleSystems":true},"in2DMode":false,"pivot":{"x":0.0030384957790374758,"y":0.10453179478645325,"z":0.017990842461586},"rotation":{"x":0.1224585473537445,"y":-0.06099735572934151,"z":0.00754024600610137,"w":0.9905728101730347},"size":0.2370983362197876,"orthographic":false}