{"cameraMode":{"drawMode":0,"name":"Shaded","section":"Shading Mode"},"sceneLighting":true,"audioPlay":false,"sceneViewState":{"showFog":true,"showMaterialUpdate":false,"showSkybox":true,"showFlares":true,"showImageEffects":true,"showParticleSystems":true},"in2DMode":false,"pivot":{"x":81.88680267333985,"y":-59.885963439941409,"z":734.6422119140625},"rotation":{"x":0.04194379225373268,"y":0.04494088515639305,"z":-0.0019407139625400305,"w":0.9981365203857422},"size":402.945068359375,"orthographic":false}