{"cameraMode":{"drawMode":0,"name":"Shaded","section":"Shading Mode"},"sceneLighting":true,"audioPlay":false,"sceneViewState":{"showFog":true,"showMaterialUpdate":false,"showSkybox":true,"showFlares":true,"showImageEffects":true,"showParticleSystems":true},"in2DMode":false,"pivot":{"x":5.516946792602539,"y":6.344651222229004,"z":169.7701416015625},"rotation":{"x":-0.006781095173209906,"y":0.15859539806842805,"z":0.0009451921796426177,"w":0.9873582720756531},"size":13.361170768737793,"orthographic":false}