{"cameraMode":{"drawMode":0,"name":"Shaded","section":"Shading Mode"},"sceneLighting":true,"audioPlay":false,"sceneViewState":{"showFog":true,"showMaterialUpdate":false,"showSkybox":true,"showFlares":true,"showImageEffects":true,"showParticleSystems":true},"in2DMode":false,"pivot":{"x":0.7374917268753052,"y":18.224952697753908,"z":271.53131103515627},"rotation":{"x":0.20759178698062898,"y":0.020784582942724229,"z":-0.004494870081543922,"w":0.9780187606811523},"size":-4.975394248962402,"orthographic":false}