{"cameraMode":{"drawMode":0,"name":"Shaded","section":"Shading Mode"},"sceneLighting":true,"audioPlay":false,"sceneViewState":{"showFog":true,"showMaterialUpdate":false,"showSkybox":true,"showFlares":true,"showImageEffects":true,"showParticleSystems":true},"in2DMode":false,"pivot":{"x":29.658737182617189,"y":-7.044366836547852,"z":958.0423583984375},"rotation":{"x":0.023984568193554879,"y":0.03148195147514343,"z":-0.0008079763501882553,"w":0.9992457032203674},"size":537.5616455078125,"orthographic":false}