{"cameraMode":{"drawMode":0,"name":"Shaded","section":"Shading Mode"},"sceneLighting":true,"audioPlay":false,"sceneViewState":{"showFog":true,"showMaterialUpdate":false,"showSkybox":true,"showFlares":true,"showImageEffects":true,"showParticleSystems":true},"in2DMode":false,"pivot":{"x":-0.00882863998413086,"y":10.886844635009766,"z":-3.0876426696777345},"rotation":{"x":0.09498848021030426,"y":-0.025133216753602029,"z":0.0022546665277332069,"w":0.995196521282196},"size":27.23165512084961,"orthographic":false}