{"cameraMode":{"drawMode":0,"name":"Shaded","section":"Shading Mode"},"sceneLighting":true,"audioPlay":false,"sceneViewState":{"showFog":true,"showMaterialUpdate":false,"showSkybox":true,"showFlares":true,"showImageEffects":true,"showParticleSystems":true},"in2DMode":false,"pivot":{"x":18.829885482788087,"y":19.426145553588868,"z":-31.56820297241211},"rotation":{"x":0.5167513489723206,"y":-0.27031877636909487,"z":0.17612092196941377,"w":0.79304039478302},"size":7.616078853607178,"orthographic":false}