{"cameraMode":{"drawMode":0,"name":"Shaded","section":"Shading Mode"},"sceneLighting":true,"audioPlay":false,"sceneViewState":{"showFog":true,"showMaterialUpdate":false,"showSkybox":true,"showFlares":true,"showImageEffects":true,"showParticleSystems":true},"in2DMode":false,"pivot":{"x":31.624656677246095,"y":48.83395767211914,"z":-1.593475341796875},"rotation":{"x":0.18326012790203095,"y":-0.04569975659251213,"z":0.008508555591106415,"w":0.9819827079772949},"size":5.867825031280518,"orthographic":false}