{"cameraMode":{"drawMode":0,"name":"Shaded","section":"Shading Mode"},"sceneLighting":true,"audioPlay":false,"sceneViewState":{"showFog":true,"showMaterialUpdate":false,"showSkybox":true,"showFlares":true,"showImageEffects":true,"showParticleSystems":true},"in2DMode":false,"pivot":{"x":294.12530517578127,"y":124.01515197753906,"z":414.4361267089844},"rotation":{"x":0.023984568193554879,"y":0.03148195147514343,"z":-0.0008079763501882553,"w":0.9992457032203674},"size":391.9129333496094,"orthographic":false}