{"cameraMode":{"drawMode":0,"name":"Shaded","section":"Shading Mode"},"sceneLighting":true,"audioPlay":false,"sceneViewState":{"showFog":true,"showMaterialUpdate":false,"showSkybox":true,"showFlares":true,"showImageEffects":true,"showParticleSystems":true},"in2DMode":false,"pivot":{"x":39.693878173828128,"y":42.278419494628909,"z":424.5039367675781},"rotation":{"x":-0.006781095173209906,"y":0.15859539806842805,"z":0.0009451921796426177,"w":0.9873582720756531},"size":66.79425811767578,"orthographic":false}