{"cameraMode":{"drawMode":0,"name":"Shaded","section":"Shading Mode"},"sceneLighting":true,"audioPlay":false,"sceneViewState":{"showFog":true,"showMaterialUpdate":false,"showSkybox":true,"showFlares":true,"showImageEffects":true,"showParticleSystems":true},"in2DMode":false,"pivot":{"x":-37.07361602783203,"y":21.897335052490236,"z":-73.47698211669922},"rotation":{"x":0.018686210736632348,"y":0.9271279573440552,"z":0.046652644872665408,"w":-0.37136921286582949},"size":49.464046478271487,"orthographic":false}