{"cameraMode":{"drawMode":0,"name":"Shaded","section":"Shading Mode"},"sceneLighting":true,"audioPlay":false,"sceneViewState":{"showFog":true,"showMaterialUpdate":false,"showSkybox":true,"showFlares":true,"showImageEffects":true,"showParticleSystems":true},"in2DMode":false,"pivot":{"x":1.57534921169281,"y":5.701571464538574,"z":13.93274974822998},"rotation":{"x":-0.09313823282718659,"y":0.8931336402893066,"z":-0.2174382507801056,"w":-0.3825678825378418},"size":14.293437957763672,"orthographic":false}